{
  "authorId": "lijp1001",
  "authorName": "LiJP",
  "bookCount": 2,
  "books": [
    {
      "volumes": [
        {
          "volumeId": 1001,
          "volumeTitle": "后马岚时代0",
          "volumeOrder": 1,
          "chapterCount": 4,
          "chapters": [
            {
              "chapterId": 1007,
              "chapterTitle": "圣剑的使命0",
              "chapterOrder": 1,
              "customizedSyntax": true,
              "contentHTML": "hello",
              "createTime": "2024-01-01 10:10:10",
              "updateTime": "2024-01-20 14:14:14",
              "wordCount": 9
            },
            {
              "chapterId": 1008,
              "chapterTitle": "圣剑的使命1",
              "chapterOrder": 2,
              "customizedSyntax": false,
              "contentHTML": "hello",
              "createTime": "2024-01-01 10:10:10",
              "updateTime": "2024-01-20 14:14:14",
              "wordCount": 9
            },
            {
              "chapterId": 1009,
              "chapterTitle": "圣剑的使命2",
              "chapterOrder": 3,
              "customizedSyntax": true,
              "contentHTML": "hello",
              "createTime": "2024-01-01 10:10:10",
              "updateTime": "2024-01-20 14:14:14",
              "wordCount": 9
            },
            {
              "chapterId": 1010,
              "chapterTitle": "圣剑的使命3",
              "chapterOrder": 4,
              "customizedSyntax": false,
              "contentHTML": "hello",
              "createTime": "2024-01-01 10:10:10",
              "updateTime": "2024-01-20 14:14:14",
              "wordCount": 9
            }
          ]
        },
        {
          "volumeId": 1001,
          "volumeTitle": "后马岚时代1",
          "volumeOrder": 2,
          "chapterCount": 4,
          "chapters": [
            {
              "chapterId": 1007,
              "chapterTitle": "圣剑的使命0",
              "chapterOrder": 1,
              "customizedSyntax": true,
              "contentHTML": "hello",
              "createTime": "2024-01-01 10:10:10",
              "updateTime": "2024-01-20 14:14:14",
              "wordCount": 9
            },
            {
              "chapterId": 1008,
              "chapterTitle": "圣剑的使命1",
              "chapterOrder": 2,
              "customizedSyntax": false,
              "contentHTML": "hello",
              "createTime": "2024-01-01 10:10:10",
              "updateTime": "2024-01-20 14:14:14",
              "wordCount": 9
            },
            {
              "chapterId": 1009,
              "chapterTitle": "圣剑的使命2",
              "chapterOrder": 3,
              "customizedSyntax": true,
              "contentHTML": "hello",
              "createTime": "2024-01-01 10:10:10",
              "updateTime": "2024-01-20 14:14:14",
              "wordCount": 9
            },
            {
              "chapterId": 1010,
              "chapterTitle": "圣剑的使命3",
              "chapterOrder": 4,
              "customizedSyntax": false,
              "contentHTML": "hello",
              "createTime": "2024-01-01 10:10:10",
              "updateTime": "2024-01-20 14:14:14",
              "wordCount": 9
            }
          ]
        },
        {
          "volumeId": 1001,
          "volumeTitle": "后马岚时代2",
          "volumeOrder": 3,
          "chapterCount": 4,
          "chapters": [
            {
              "chapterId": 1007,
              "chapterTitle": "圣剑的使命0",
              "chapterOrder": 1,
              "customizedSyntax": true,
              "contentHTML": "hello",
              "createTime": "2024-01-01 10:10:10",
              "updateTime": "2024-01-20 14:14:14",
              "wordCount": 9
            },
            {
              "chapterId": 1008,
              "chapterTitle": "圣剑的使命1",
              "chapterOrder": 2,
              "customizedSyntax": false,
              "contentHTML": "hello",
              "createTime": "2024-01-01 10:10:10",
              "updateTime": "2024-01-20 14:14:14",
              "wordCount": 9
            },
            {
              "chapterId": 1009,
              "chapterTitle": "圣剑的使命2",
              "chapterOrder": 3,
              "customizedSyntax": true,
              "contentHTML": "hello",
              "createTime": "2024-01-01 10:10:10",
              "updateTime": "2024-01-20 14:14:14",
              "wordCount": 9
            },
            {
              "chapterId": 1010,
              "chapterTitle": "圣剑的使命3",
              "chapterOrder": 4,
              "customizedSyntax": false,
              "contentHTML": "hello",
              "createTime": "2024-01-01 10:10:10",
              "updateTime": "2024-01-20 14:14:14",
              "wordCount": 9
            }
          ]
        }
      ],
      "bookId": 1001,
      "bookTitle": "大烟美食城0",
      "volumeCount": 3,
      "chapterCount": 12
    },
    {
      "volumes": [
        {
          "volumeId": 1001,
          "volumeTitle": "后马岚时代0",
          "volumeOrder": 1,
          "chapterCount": 4,
          "chapters": [
            {
              "chapterId": 1007,
              "chapterTitle": "圣剑的使命0",
              "chapterOrder": 1,
              "customizedSyntax": true,
              "contentHTML": "hello",
              "createTime": "2024-01-01 10:10:10",
              "updateTime": "2024-01-20 14:14:14",
              "wordCount": 9
            },
            {
              "chapterId": 1008,
              "chapterTitle": "圣剑的使命1",
              "chapterOrder": 2,
              "customizedSyntax": false,
              "contentHTML": "hello",
              "createTime": "2024-01-01 10:10:10",
              "updateTime": "2024-01-20 14:14:14",
              "wordCount": 9
            },
            {
              "chapterId": 1009,
              "chapterTitle": "圣剑的使命2",
              "chapterOrder": 3,
              "customizedSyntax": true,
              "contentHTML": "hello",
              "createTime": "2024-01-01 10:10:10",
              "updateTime": "2024-01-20 14:14:14",
              "wordCount": 9
            },
            {
              "chapterId": 1010,
              "chapterTitle": "圣剑的使命3",
              "chapterOrder": 4,
              "customizedSyntax": false,
              "contentHTML": "hello",
              "createTime": "2024-01-01 10:10:10",
              "updateTime": "2024-01-20 14:14:14",
              "wordCount": 9
            }
          ]
        },
        {
          "volumeId": 1001,
          "volumeTitle": "后马岚时代1",
          "volumeOrder": 2,
          "chapterCount": 4,
          "chapters": [
            {
              "chapterId": 1007,
              "chapterTitle": "圣剑的使命0",
              "chapterOrder": 1,
              "customizedSyntax": true,
              "contentHTML": "hello",
              "createTime": "2024-01-01 10:10:10",
              "updateTime": "2024-01-20 14:14:14",
              "wordCount": 9
            },
            {
              "chapterId": 1008,
              "chapterTitle": "圣剑的使命1",
              "chapterOrder": 2,
              "customizedSyntax": false,
              "contentHTML": "hello",
              "createTime": "2024-01-01 10:10:10",
              "updateTime": "2024-01-20 14:14:14",
              "wordCount": 9
            },
            {
              "chapterId": 1009,
              "chapterTitle": "圣剑的使命2",
              "chapterOrder": 3,
              "customizedSyntax": true,
              "contentHTML": "hello",
              "createTime": "2024-01-01 10:10:10",
              "updateTime": "2024-01-20 14:14:14",
              "wordCount": 9
            },
            {
              "chapterId": 1010,
              "chapterTitle": "圣剑的使命3",
              "chapterOrder": 4,
              "customizedSyntax": false,
              "contentHTML": "hello",
              "createTime": "2024-01-01 10:10:10",
              "updateTime": "2024-01-20 14:14:14",
              "wordCount": 9
            }
          ]
        },
        {
          "volumeId": 1001,
          "volumeTitle": "后马岚时代2",
          "volumeOrder": 3,
          "chapterCount": 4,
          "chapters": [
            {
              "chapterId": 1007,
              "chapterTitle": "圣剑的使命0",
              "chapterOrder": 1,
              "customizedSyntax": true,
              "contentHTML": "hello",
              "createTime": "2024-01-01 10:10:10",
              "updateTime": "2024-01-20 14:14:14",
              "wordCount": 9
            },
            {
              "chapterId": 1008,
              "chapterTitle": "圣剑的使命1",
              "chapterOrder": 2,
              "customizedSyntax": false,
              "contentHTML": "hello",
              "createTime": "2024-01-01 10:10:10",
              "updateTime": "2024-01-20 14:14:14",
              "wordCount": 9
            },
            {
              "chapterId": 1009,
              "chapterTitle": "圣剑的使命2",
              "chapterOrder": 3,
              "customizedSyntax": true,
              "contentHTML": "hello",
              "createTime": "2024-01-01 10:10:10",
              "updateTime": "2024-01-20 14:14:14",
              "wordCount": 9
            },
            {
              "chapterId": 1010,
              "chapterTitle": "圣剑的使命3",
              "chapterOrder": 4,
              "customizedSyntax": false,
              "contentHTML": "hello",
              "createTime": "2024-01-01 10:10:10",
              "updateTime": "2024-01-20 14:14:14",
              "wordCount": 9
            }
          ]
        }
      ],
      "bookId": 1001,
      "bookTitle": "大烟美食城1",
      "volumeCount": 3,
      "chapterCount": 12
    }
  ]
}
